"Instruction_Set","Instruction","Opcode","Operand_1","Operand_2","Bytes_Cycles","Flags_Z_N_H_C","Hex","Binary","Binary_Split","Binary_Prefix","Binary_Split1","Binary_Split2","Binary_Split3"
"Base","NOP","NOP","","","1  4","- - - -","00","00000000","00 000 000","","00","000","000"
"Base","LD BC,d16","LD","BC","d16","3  12","- - - -","01","00000001","00 000 001","","00","000","001"
"Base","LD (BC),A","LD","(BC)","A","1  8","- - - -","02","00000010","00 000 010","","00","000","010"
"Base","INC BC","INC","BC","","1  8","- - - -","03","00000011","00 000 011","","00","000","011"
"Base","INC B","INC","B","","1  4","Z 0 H -","04","00000100","00 000 100","","00","000","100"
"Base","DEC B","DEC","B","","1  4","Z 1 H -","05","00000101","00 000 101","","00","000","101"
"Base","LD B,d8","LD","B","d8","2  8","- - - -","06","00000110","00 000 110","","00","000","110"
"Base","RLCA","RLCA","","","1  4","0 0 0 C","07","00000111","00 000 111","","00","000","111"
"Base","LD (a16),SP","LD","(a16)","SP","3  20","- - - -","08","00001000","00 001 000","","00","001","000"
"Base","ADD HL,BC","ADD","HL","BC","1  8","- 0 H C","09","00001001","00 001 001","","00","001","001"
"Base","LD A,(BC)","LD","A","(BC)","1  8","- - - -","0A","00001010","00 001 010","","00","001","010"
"Base","DEC BC","DEC","BC","","1  8","- - - -","0B","00001011","00 001 011","","00","001","011"
"Base","INC C","INC","C","","1  4","Z 0 H -","0C","00001100","00 001 100","","00","001","100"
"Base","DEC C","DEC","C","","1  4","Z 1 H -","0D","00001101","00 001 101","","00","001","101"
"Base","LD C,d8","LD","C","d8","2  8","- - - -","0E","00001110","00 001 110","","00","001","110"
"Base","RRCA","RRCA","","","1  4","0 0 0 C","0F","00001111","00 001 111","","00","001","111"
"Base","STOP 0","STOP","0","","2  4","- - - -","10","00010000","00 010 000","","00","010","000"
"Base","LD DE,d16","LD","DE","d16","3  12","- - - -","11","00010001","00 010 001","","00","010","001"
"Base","LD (DE),A","LD","(DE)","A","1  8","- - - -","12","00010010","00 010 010","","00","010","010"
"Base","INC DE","INC","DE","","1  8","- - - -","13","00010011","00 010 011","","00","010","011"
"Base","INC D","INC","D","","1  4","Z 0 H -","14","00010100","00 010 100","","00","010","100"
"Base","DEC D","DEC","D","","1  4","Z 1 H -","15","00010101","00 010 101","","00","010","101"
"Base","LD D,d8","LD","D","d8","2  8","- - - -","16","00010110","00 010 110","","00","010","110"
"Base","RLA","RLA","","","1  4","0 0 0 C","17","00010111","00 010 111","","00","010","111"
"Base","JR r8","JR","r8","","2  12","- - - -","18","00011000","00 011 000","","00","011","000"
"Base","ADD HL,DE","ADD","HL","DE","1  8","- 0 H C","19","00011001","00 011 001","","00","011","001"
"Base","LD A,(DE)","LD","A","(DE)","1  8","- - - -","1A","00011010","00 011 010","","00","011","010"
"Base","DEC DE","DEC","DE","","1  8","- - - -","1B","00011011","00 011 011","","00","011","011"
"Base","INC E","INC","E","","1  4","Z 0 H -","1C","00011100","00 011 100","","00","011","100"
"Base","DEC E","DEC","E","","1  4","Z 1 H -","1D","00011101","00 011 101","","00","011","101"
"Base","LD E,d8","LD","E","d8","2  8","- - - -","1E","00011110","00 011 110","","00","011","110"
"Base","RRA","RRA","","","1  4","0 0 0 C","1F","00011111","00 011 111","","00","011","111"
"Base","JR NZ,r8","JR","NZ","r8","2  12/8","- - - -","20","00100000","00 100 000","","00","100","000"
"Base","LD HL,d16","LD","HL","d16","3  12","- - - -","21","00100001","00 100 001","","00","100","001"
"Base","LD (HL+),A","LD","(HL+)","A","1  8","- - - -","22","00100010","00 100 010","","00","100","010"
"Base","INC HL","INC","HL","","1  8","- - - -","23","00100011","00 100 011","","00","100","011"
"Base","INC H","INC","H","","1  4","Z 0 H -","24","00100100","00 100 100","","00","100","100"
"Base","DEC H","DEC","H","","1  4","Z 1 H -","25","00100101","00 100 101","","00","100","101"
"Base","LD H,d8","LD","H","d8","2  8","- - - -","26","00100110","00 100 110","","00","100","110"
"Base","DAA","DAA","","","1  4","Z - 0 C","27","00100111","00 100 111","","00","100","111"
"Base","JR Z,r8","JR","Z","r8","2  12/8","- - - -","28","00101000","00 101 000","","00","101","000"
"Base","ADD HL,HL","ADD","HL","HL","1  8","- 0 H C","29","00101001","00 101 001","","00","101","001"
"Base","LD A,(HL+)","LD","A","(HL+)","1  8","- - - -","2A","00101010","00 101 010","","00","101","010"
"Base","DEC HL","DEC","HL","","1  8","- - - -","2B","00101011","00 101 011","","00","101","011"
"Base","INC L","INC","L","","1  4","Z 0 H -","2C","00101100","00 101 100","","00","101","100"
"Base","DEC L","DEC","L","","1  4","Z 1 H -","2D","00101101","00 101 101","","00","101","101"
"Base","LD L,d8","LD","L","d8","2  8","- - - -","2E","00101110","00 101 110","","00","101","110"
"Base","CPL","CPL","","","1  4","- 1 1 -","2F","00101111","00 101 111","","00","101","111"
"Base","JR NC,r8","JR","NC","r8","2  12/8","- - - -","30","00110000","00 110 000","","00","110","000"
"Base","LD SP,d16","LD","SP","d16","3  12","- - - -","31","00110001","00 110 001","","00","110","001"
"Base","LD (HL-),A","LD","(HL-)","A","1  8","- - - -","32","00110010","00 110 010","","00","110","010"
"Base","INC SP","INC","SP","","1  8","- - - -","33","00110011","00 110 011","","00","110","011"
"Base","INC (HL)","INC","(HL)","","1  12","Z 0 H -","34","00110100","00 110 100","","00","110","100"
"Base","DEC (HL)","DEC","(HL)","","1  12","Z 1 H -","35","00110101","00 110 101","","00","110","101"
"Base","LD (HL),d8","LD","(HL)","d8","2  12","- - - -","36","00110110","00 110 110","","00","110","110"
"Base","SCF","SCF","","","1  4","- 0 0 1","37","00110111","00 110 111","","00","110","111"
"Base","JR C,r8","JR","C","r8","2  12/8","- - - -","38","00111000","00 111 000","","00","111","000"
"Base","ADD HL,SP","ADD","HL","SP","1  8","- 0 H C","39","00111001","00 111 001","","00","111","001"
"Base","LD A,(HL-)","LD","A","(HL-)","1  8","- - - -","3A","00111010","00 111 010","","00","111","010"
"Base","DEC SP","DEC","SP","","1  8","- - - -","3B","00111011","00 111 011","","00","111","011"
"Base","INC A","INC","A","","1  4","Z 0 H -","3C","00111100","00 111 100","","00","111","100"
"Base","DEC A","DEC","A","","1  4","Z 1 H -","3D","00111101","00 111 101","","00","111","101"
"Base","LD A,d8","LD","A","d8","2  8","- - - -","3E","00111110","00 111 110","","00","111","110"
"Base","CCF","CCF","","","1  4","- 0 0 C","3F","00111111","00 111 111","","00","111","111"
"Base","LD B,B","LD","B","B","1  4","- - - -","40","01000000","01 000 000","","01","000","000"
"Base","LD B,C","LD","B","C","1  4","- - - -","41","01000001","01 000 001","","01","000","001"
"Base","LD B,D","LD","B","D","1  4","- - - -","42","01000010","01 000 010","","01","000","010"
"Base","LD B,E","LD","B","E","1  4","- - - -","43","01000011","01 000 011","","01","000","011"
"Base","LD B,H","LD","B","H","1  4","- - - -","44","01000100","01 000 100","","01","000","100"
"Base","LD B,L","LD","B","L","1  4","- - - -","45","01000101","01 000 101","","01","000","101"
"Base","LD B,(HL)","LD","B","(HL)","1  8","- - - -","46","01000110","01 000 110","","01","000","110"
"Base","LD B,A","LD","B","A","1  4","- - - -","47","01000111","01 000 111","","01","000","111"
"Base","LD C,B","LD","C","B","1  4","- - - -","48","01001000","01 001 000","","01","001","000"
"Base","LD C,C","LD","C","C","1  4","- - - -","49","01001001","01 001 001","","01","001","001"
"Base","LD C,D","LD","C","D","1  4","- - - -","4A","01001010","01 001 010","","01","001","010"
"Base","LD C,E","LD","C","E","1  4","- - - -","4B","01001011","01 001 011","","01","001","011"
"Base","LD C,H","LD","C","H","1  4","- - - -","4C","01001100","01 001 100","","01","001","100"
"Base","LD C,L","LD","C","L","1  4","- - - -","4D","01001101","01 001 101","","01","001","101"
"Base","LD C,(HL)","LD","C","(HL)","1  8","- - - -","4E","01001110","01 001 110","","01","001","110"
"Base","LD C,A","LD","C","A","1  4","- - - -","4F","01001111","01 001 111","","01","001","111"
"Base","LD D,B","LD","D","B","1  4","- - - -","50","01010000","01 010 000","","01","010","000"
"Base","LD D,C","LD","D","C","1  4","- - - -","51","01010001","01 010 001","","01","010","001"
"Base","LD D,D","LD","D","D","1  4","- - - -","52","01010010","01 010 010","","01","010","010"
"Base","LD D,E","LD","D","E","1  4","- - - -","53","01010011","01 010 011","","01","010","011"
"Base","LD D,H","LD","D","H","1  4","- - - -","54","01010100","01 010 100","","01","010","100"
"Base","LD D,L","LD","D","L","1  4","- - - -","55","01010101","01 010 101","","01","010","101"
"Base","LD D,(HL)","LD","D","(HL)","1  8","- - - -","56","01010110","01 010 110","","01","010","110"
"Base","LD D,A","LD","D","A","1  4","- - - -","57","01010111","01 010 111","","01","010","111"
"Base","LD E,B","LD","E","B","1  4","- - - -","58","01011000","01 011 000","","01","011","000"
"Base","LD E,C","LD","E","C","1  4","- - - -","59","01011001","01 011 001","","01","011","001"
"Base","LD E,D","LD","E","D","1  4","- - - -","5A","01011010","01 011 010","","01","011","010"
"Base","LD E,E","LD","E","E","1  4","- - - -","5B","01011011","01 011 011","","01","011","011"
"Base","LD E,H","LD","E","H","1  4","- - - -","5C","01011100","01 011 100","","01","011","100"
"Base","LD E,L","LD","E","L","1  4","- - - -","5D","01011101","01 011 101","","01","011","101"
"Base","LD E,(HL)","LD","E","(HL)","1  8","- - - -","5E","01011110","01 011 110","","01","011","110"
"Base","LD E,A","LD","E","A","1  4","- - - -","5F","01011111","01 011 111","","01","011","111"
"Base","LD H,B","LD","H","B","1  4","- - - -","60","01100000","01 100 000","","01","100","000"
"Base","LD H,C","LD","H","C","1  4","- - - -","61","01100001","01 100 001","","01","100","001"
"Base","LD H,D","LD","H","D","1  4","- - - -","62","01100010","01 100 010","","01","100","010"
"Base","LD H,E","LD","H","E","1  4","- - - -","63","01100011","01 100 011","","01","100","011"
"Base","LD H,H","LD","H","H","1  4","- - - -","64","01100100","01 100 100","","01","100","100"
"Base","LD H,L","LD","H","L","1  4","- - - -","65","01100101","01 100 101","","01","100","101"
"Base","LD H,(HL)","LD","H","(HL)","1  8","- - - -","66","01100110","01 100 110","","01","100","110"
"Base","LD H,A","LD","H","A","1  4","- - - -","67","01100111","01 100 111","","01","100","111"
"Base","LD L,B","LD","L","B","1  4","- - - -","68","01101000","01 101 000","","01","101","000"
"Base","LD L,C","LD","L","C","1  4","- - - -","69","01101001","01 101 001","","01","101","001"
"Base","LD L,D","LD","L","D","1  4","- - - -","6A","01101010","01 101 010","","01","101","010"
"Base","LD L,E","LD","L","E","1  4","- - - -","6B","01101011","01 101 011","","01","101","011"
"Base","LD L,H","LD","L","H","1  4","- - - -","6C","01101100","01 101 100","","01","101","100"
"Base","LD L,L","LD","L","L","1  4","- - - -","6D","01101101","01 101 101","","01","101","101"
"Base","LD L,(HL)","LD","L","(HL)","1  8","- - - -","6E","01101110","01 101 110","","01","101","110"
"Base","LD L,A","LD","L","A","1  4","- - - -","6F","01101111","01 101 111","","01","101","111"
"Base","LD (HL),B","LD","(HL)","B","1  8","- - - -","70","01110000","01 110 000","","01","110","000"
"Base","LD (HL),C","LD","(HL)","C","1  8","- - - -","71","01110001","01 110 001","","01","110","001"
"Base","LD (HL),D","LD","(HL)","D","1  8","- - - -","72","01110010","01 110 010","","01","110","010"
"Base","LD (HL),E","LD","(HL)","E","1  8","- - - -","73","01110011","01 110 011","","01","110","011"
"Base","LD (HL),H","LD","(HL)","H","1  8","- - - -","74","01110100","01 110 100","","01","110","100"
"Base","LD (HL),L","LD","(HL)","L","1  8","- - - -","75","01110101","01 110 101","","01","110","101"
"Base","HALT","HALT","","","1  4","- - - -","76","01110110","01 110 110","","01","110","110"
"Base","LD (HL),A","LD","(HL)","A","1  8","- - - -","77","01110111","01 110 111","","01","110","111"
"Base","LD A,B","LD","A","B","1  4","- - - -","78","01111000","01 111 000","","01","111","000"
"Base","LD A,C","LD","A","C","1  4","- - - -","79","01111001","01 111 001","","01","111","001"
"Base","LD A,D","LD","A","D","1  4","- - - -","7A","01111010","01 111 010","","01","111","010"
"Base","LD A,E","LD","A","E","1  4","- - - -","7B","01111011","01 111 011","","01","111","011"
"Base","LD A,H","LD","A","H","1  4","- - - -","7C","01111100","01 111 100","","01","111","100"
"Base","LD A,L","LD","A","L","1  4","- - - -","7D","01111101","01 111 101","","01","111","101"
"Base","LD A,(HL)","LD","A","(HL)","1  8","- - - -","7E","01111110","01 111 110","","01","111","110"
"Base","LD A,A","LD","A","A","1  4","- - - -","7F","01111111","01 111 111","","01","111","111"
"Base","ADD A,B","ADD","A","B","1  4","Z 0 H C","80","10000000","10 000 000","","10","000","000"
"Base","ADD A,C","ADD","A","C","1  4","Z 0 H C","81","10000001","10 000 001","","10","000","001"
"Base","ADD A,D","ADD","A","D","1  4","Z 0 H C","82","10000010","10 000 010","","10","000","010"
"Base","ADD A,E","ADD","A","E","1  4","Z 0 H C","83","10000011","10 000 011","","10","000","011"
"Base","ADD A,H","ADD","A","H","1  4","Z 0 H C","84","10000100","10 000 100","","10","000","100"
"Base","ADD A,L","ADD","A","L","1  4","Z 0 H C","85","10000101","10 000 101","","10","000","101"
"Base","ADD A,(HL)","ADD","A","(HL)","1  8","Z 0 H C","86","10000110","10 000 110","","10","000","110"
"Base","ADD A,A","ADD","A","A","1  4","Z 0 H C","87","10000111","10 000 111","","10","000","111"
"Base","ADC A,B","ADC","A","B","1  4","Z 0 H C","88","10001000","10 001 000","","10","001","000"
"Base","ADC A,C","ADC","A","C","1  4","Z 0 H C","89","10001001","10 001 001","","10","001","001"
"Base","ADC A,D","ADC","A","D","1  4","Z 0 H C","8A","10001010","10 001 010","","10","001","010"
"Base","ADC A,E","ADC","A","E","1  4","Z 0 H C","8B","10001011","10 001 011","","10","001","011"
"Base","ADC A,H","ADC","A","H","1  4","Z 0 H C","8C","10001100","10 001 100","","10","001","100"
"Base","ADC A,L","ADC","A","L","1  4","Z 0 H C","8D","10001101","10 001 101","","10","001","101"
"Base","ADC A,(HL)","ADC","A","(HL)","1  8","Z 0 H C","8E","10001110","10 001 110","","10","001","110"
"Base","ADC A,A","ADC","A","A","1  4","Z 0 H C","8F","10001111","10 001 111","","10","001","111"
"Base","SUB B","SUB","B","","1  4","Z 1 H C","90","10010000","10 010 000","","10","010","000"
"Base","SUB C","SUB","C","","1  4","Z 1 H C","91","10010001","10 010 001","","10","010","001"
"Base","SUB D","SUB","D","","1  4","Z 1 H C","92","10010010","10 010 010","","10","010","010"
"Base","SUB E","SUB","E","","1  4","Z 1 H C","93","10010011","10 010 011","","10","010","011"
"Base","SUB H","SUB","H","","1  4","Z 1 H C","94","10010100","10 010 100","","10","010","100"
"Base","SUB L","SUB","L","","1  4","Z 1 H C","95","10010101","10 010 101","","10","010","101"
"Base","SUB (HL)","SUB","(HL)","","1  8","Z 1 H C","96","10010110","10 010 110","","10","010","110"
"Base","SUB A","SUB","A","","1  4","Z 1 H C","97","10010111","10 010 111","","10","010","111"
"Base","SBC A,B","SBC","A","B","1  4","Z 1 H C","98","10011000","10 011 000","","10","011","000"
"Base","SBC A,C","SBC","A","C","1  4","Z 1 H C","99","10011001","10 011 001","","10","011","001"
"Base","SBC A,D","SBC","A","D","1  4","Z 1 H C","9A","10011010","10 011 010","","10","011","010"
"Base","SBC A,E","SBC","A","E","1  4","Z 1 H C","9B","10011011","10 011 011","","10","011","011"
"Base","SBC A,H","SBC","A","H","1  4","Z 1 H C","9C","10011100","10 011 100","","10","011","100"
"Base","SBC A,L","SBC","A","L","1  4","Z 1 H C","9D","10011101","10 011 101","","10","011","101"
"Base","SBC A,(HL)","SBC","A","(HL)","1  8","Z 1 H C","9E","10011110","10 011 110","","10","011","110"
"Base","SBC A,A","SBC","A","A","1  4","Z 1 H C","9F","10011111","10 011 111","","10","011","111"
"Base","AND B","AND","B","","1  4","Z 0 1 0","A0","10100000","10 100 000","","10","100","000"
"Base","AND C","AND","C","","1  4","Z 0 1 0","A1","10100001","10 100 001","","10","100","001"
"Base","AND D","AND","D","","1  4","Z 0 1 0","A2","10100010","10 100 010","","10","100","010"
"Base","AND E","AND","E","","1  4","Z 0 1 0","A3","10100011","10 100 011","","10","100","011"
"Base","AND H","AND","H","","1  4","Z 0 1 0","A4","10100100","10 100 100","","10","100","100"
"Base","AND L","AND","L","","1  4","Z 0 1 0","A5","10100101","10 100 101","","10","100","101"
"Base","AND (HL)","AND","(HL)","","1  8","Z 0 1 0","A6","10100110","10 100 110","","10","100","110"
"Base","AND A","AND","A","","1  4","Z 0 1 0","A7","10100111","10 100 111","","10","100","111"
"Base","XOR B","XOR","B","","1  4","Z 0 0 0","A8","10101000","10 101 000","","10","101","000"
"Base","XOR C","XOR","C","","1  4","Z 0 0 0","A9","10101001","10 101 001","","10","101","001"
"Base","XOR D","XOR","D","","1  4","Z 0 0 0","AA","10101010","10 101 010","","10","101","010"
"Base","XOR E","XOR","E","","1  4","Z 0 0 0","AB","10101011","10 101 011","","10","101","011"
"Base","XOR H","XOR","H","","1  4","Z 0 0 0","AC","10101100","10 101 100","","10","101","100"
"Base","XOR L","XOR","L","","1  4","Z 0 0 0","AD","10101101","10 101 101","","10","101","101"
"Base","XOR (HL)","XOR","(HL)","","1  8","Z 0 0 0","AE","10101110","10 101 110","","10","101","110"
"Base","XOR A","XOR","A","","1  4","Z 0 0 0","AF","10101111","10 101 111","","10","101","111"
"Base","OR B","OR","B","","1  4","Z 0 0 0","B0","10110000","10 110 000","","10","110","000"
"Base","OR C","OR","C","","1  4","Z 0 0 0","B1","10110001","10 110 001","","10","110","001"
"Base","OR D","OR","D","","1  4","Z 0 0 0","B2","10110010","10 110 010","","10","110","010"
"Base","OR E","OR","E","","1  4","Z 0 0 0","B3","10110011","10 110 011","","10","110","011"
"Base","OR H","OR","H","","1  4","Z 0 0 0","B4","10110100","10 110 100","","10","110","100"
"Base","OR L","OR","L","","1  4","Z 0 0 0","B5","10110101","10 110 101","","10","110","101"
"Base","OR (HL)","OR","(HL)","","1  8","Z 0 0 0","B6","10110110","10 110 110","","10","110","110"
"Base","OR A","OR","A","","1  4","Z 0 0 0","B7","10110111","10 110 111","","10","110","111"
"Base","CP B","CP","B","","1  4","Z 1 H C","B8","10111000","10 111 000","","10","111","000"
"Base","CP C","CP","C","","1  4","Z 1 H C","B9","10111001","10 111 001","","10","111","001"
"Base","CP D","CP","D","","1  4","Z 1 H C","BA","10111010","10 111 010","","10","111","010"
"Base","CP E","CP","E","","1  4","Z 1 H C","BB","10111011","10 111 011","","10","111","011"
"Base","CP H","CP","H","","1  4","Z 1 H C","BC","10111100","10 111 100","","10","111","100"
"Base","CP L","CP","L","","1  4","Z 1 H C","BD","10111101","10 111 101","","10","111","101"
"Base","CP (HL)","CP","(HL)","","1  8","Z 1 H C","BE","10111110","10 111 110","","10","111","110"
"Base","CP A","CP","A","","1  4","Z 1 H C","BF","10111111","10 111 111","","10","111","111"
"Base","RET NZ","RET","NZ","","1  20/8","- - - -","C0","11000000","11 000 000","","11","000","000"
"Base","POP BC","POP","BC","","1  12","- - - -","C1","11000001","11 000 001","","11","000","001"
"Base","JP NZ,a16","JP","NZ","a16","3  16/12","- - - -","C2","11000010","11 000 010","","11","000","010"
"Base","JP a16","JP","a16","","3  16","- - - -","C3","11000011","11 000 011","","11","000","011"
"Base","CALL NZ,a16","CALL","NZ","a16","3  24/12","- - - -","C4","11000100","11 000 100","","11","000","100"
"Base","PUSH BC","PUSH","BC","","1  16","- - - -","C5","11000101","11 000 101","","11","000","101"
"Base","ADD A,d8","ADD","A","d8","2  8","Z 0 H C","C6","11000110","11 000 110","","11","000","110"
"Base","RST 00H","RST","00H","","1  16","- - - -","C7","11000111","11 000 111","","11","000","111"
"Base","RET Z","RET","Z","","1  20/8","- - - -","C8","11001000","11 001 000","","11","001","000"
"Base","RET","RET","","","1  16","- - - -","C9","11001001","11 001 001","","11","001","001"
"Base","JP Z,a16","JP","Z","a16","3  16/12","- - - -","CA","11001010","11 001 010","","11","001","010"
"Base","PREFIX CB","","","","1  4","- - - -","CB","11001011","11 001 011","","11","001","011"
"Base","CALL Z,a16","CALL","Z","a16","3  24/12","- - - -","CC","11001100","11 001 100","","11","001","100"
"Base","CALL a16","CALL","a16","","3  24","- - - -","CD","11001101","11 001 101","","11","001","101"
"Base","ADC A,d8","ADC","A","d8","2  8","Z 0 H C","CE","11001110","11 001 110","","11","001","110"
"Base","RST 08H","RST","08H","","1  16","- - - -","CF","11001111","11 001 111","","11","001","111"
"Base","RET NC","RET","NC","","1  20/8","- - - -","D0","11010000","11 010 000","","11","010","000"
"Base","POP DE","POP","DE","","1  12","- - - -","D1","11010001","11 010 001","","11","010","001"
"Base","JP NC,a16","JP","NC","a16","3  16/12","- - - -","D2","11010010","11 010 010","","11","010","010"
"Base","NOT USED","","","","","","D3","11010011","11 010 011","","11","010","011"
"Base","CALL NC,a16","CALL","NC","a16","3  24/12","- - - -","D4","11010100","11 010 100","","11","010","100"
"Base","PUSH DE","PUSH","DE","","1  16","- - - -","D5","11010101","11 010 101","","11","010","101"
"Base","SUB d8","SUB","d8","","2  8","Z 1 H C","D6","11010110","11 010 110","","11","010","110"
"Base","RST 10H","RST","10H","","1  16","- - - -","D7","11010111","11 010 111","","11","010","111"
"Base","RET C","RET","C","","1  20/8","- - - -","D8","11011000","11 011 000","","11","011","000"
"Base","RETI","RETI","","","1  16","- - - -","D9","11011001","11 011 001","","11","011","001"
"Base","JP C,a16","JP","C","a16","3  16/12","- - - -","DA","11011010","11 011 010","","11","011","010"
"Base","NOT USED","","","","","","DB","11011011","11 011 011","","11","011","011"
"Base","CALL C,a16","CALL","C","a16","3  24/12","- - - -","DC","11011100","11 011 100","","11","011","100"
"Base","NOT USED","","","","","","DD","11011101","11 011 101","","11","011","101"
"Base","SBC A,d8","SBC","A","d8","2  8","Z 1 H C","DE","11011110","11 011 110","","11","011","110"
"Base","RST 18H","RST","18H","","1  16","- - - -","DF","11011111","11 011 111","","11","011","111"
"Base","LDH (a8),A","LDH","(a8)","A","2  12","- - - -","E0","11100000","11 100 000","","11","100","000"
"Base","POP HL","POP","HL","","1  12","- - - -","E1","11100001","11 100 001","","11","100","001"
"Base","LD (C),A","LD","(C)","A","2  8","- - - -","E2","11100010","11 100 010","","11","100","010"
"Base","NOT USED","","","","","","E3","11100011","11 100 011","","11","100","011"
"Base","NOT USED","","","","","","E4","11100100","11 100 100","","11","100","100"
"Base","PUSH HL","PUSH","HL","","1  16","- - - -","E5","11100101","11 100 101","","11","100","101"
"Base","AND d8","AND","d8","","2  8","Z 0 1 0","E6","11100110","11 100 110","","11","100","110"
"Base","RST 20H","RST","20H","","1  16","- - - -","E7","11100111","11 100 111","","11","100","111"
"Base","ADD SP,r8","ADD","SP","r8","2  16","0 0 H C","E8","11101000","11 101 000","","11","101","000"
"Base","JP (HL)","JP","(HL)","","1  4","- - - -","E9","11101001","11 101 001","","11","101","001"
"Base","LD (a16),A","LD","(a16)","A","3  16","- - - -","EA","11101010","11 101 010","","11","101","010"
"Base","NOT USED","","","","","","EB","11101011","11 101 011","","11","101","011"
"Base","NOT USED","","","","","","EC","11101100","11 101 100","","11","101","100"
"Base","NOT USED","","","","","","ED","11101101","11 101 101","","11","101","101"
"Base","XOR d8","XOR","d8","","2  8","Z 0 0 0","EE","11101110","11 101 110","","11","101","110"
"Base","RST 28H","RST","28H","","1  16","- - - -","EF","11101111","11 101 111","","11","101","111"
"Base","LDH A,(a8)","LDH","A","(a8)","2  12","- - - -","F0","11110000","11 110 000","","11","110","000"
"Base","POP AF","POP","AF","","1  12","Z N H C","F1","11110001","11 110 001","","11","110","001"
"Base","LD A,(C)","LD","A","(C)","2  8","- - - -","F2","11110010","11 110 010","","11","110","010"
"Base","DI","DI","","","1  4","- - - -","F3","11110011","11 110 011","","11","110","011"
"Base","NOT USED","","","","","","F4","11110100","11 110 100","","11","110","100"
"Base","PUSH AF","PUSH","AF","","1  16","- - - -","F5","11110101","11 110 101","","11","110","101"
"Base","OR d8","OR","d8","","2  8","Z 0 0 0","F6","11110110","11 110 110","","11","110","110"
"Base","RST 30H","RST","30H","","1  16","- - - -","F7","11110111","11 110 111","","11","110","111"
"Base","LD HL,SP+r8","LD","HL","SP+r8","2  12","0 0 H C","F8","11111000","11 111 000","","11","111","000"
"Base","LD SP,HL","LD","SP","HL","1  8","- - - -","F9","11111001","11 111 001","","11","111","001"
"Base","LD A,(a16)","LD","A","(a16)","3  16","- - - -","FA","11111010","11 111 010","","11","111","010"
"Base","EI","EI","","","1  4","- - - -","FB","11111011","11 111 011","","11","111","011"
"Base","NOT USED","","","","","","FC","11111100","11 111 100","","11","111","100"
"Base","NOT USED","","","","","","FD","11111101","11 111 101","","11","111","101"
"Base","CP d8","CP","d8","","2  8","Z 1 H C","FE","11111110","11 111 110","","11","111","110"
"Base","RST 38H","RST","38H","","1  16","- - - -","FF","11111111","11 111 111","","11","111","111"
"Extended","RLC B","RLC","B","","2  8","Z 0 0 C","CB00","1100101100000000","11001011 00 000 000","11001011","00","000","000"
"Extended","RLC C","RLC","C","","2  8","Z 0 0 C","CB01","1100101100000001","11001011 00 000 001","11001011","00","000","001"
"Extended","RLC D","RLC","D","","2  8","Z 0 0 C","CB02","1100101100000010","11001011 00 000 010","11001011","00","000","010"
"Extended","RLC E","RLC","E","","2  8","Z 0 0 C","CB03","1100101100000011","11001011 00 000 011","11001011","00","000","011"
"Extended","RLC H","RLC","H","","2  8","Z 0 0 C","CB04","1100101100000100","11001011 00 000 100","11001011","00","000","100"
"Extended","RLC L","RLC","L","","2  8","Z 0 0 C","CB05","1100101100000101","11001011 00 000 101","11001011","00","000","101"
"Extended","RLC (HL)","RLC","(HL)","","2  16","Z 0 0 C","CB06","1100101100000110","11001011 00 000 110","11001011","00","000","110"
"Extended","RLC A","RLC","A","","2  8","Z 0 0 C","CB07","1100101100000111","11001011 00 000 111","11001011","00","000","111"
"Extended","RRC B","RRC","B","","2  8","Z 0 0 C","CB08","1100101100001000","11001011 00 001 000","11001011","00","001","000"
"Extended","RRC C","RRC","C","","2  8","Z 0 0 C","CB09","1100101100001001","11001011 00 001 001","11001011","00","001","001"
"Extended","RRC D","RRC","D","","2  8","Z 0 0 C","CB0A","1100101100001010","11001011 00 001 010","11001011","00","001","010"
"Extended","RRC E","RRC","E","","2  8","Z 0 0 C","CB0B","1100101100001011","11001011 00 001 011","11001011","00","001","011"
"Extended","RRC H","RRC","H","","2  8","Z 0 0 C","CB0C","1100101100001100","11001011 00 001 100","11001011","00","001","100"
"Extended","RRC L","RRC","L","","2  8","Z 0 0 C","CB0D","1100101100001101","11001011 00 001 101","11001011","00","001","101"
"Extended","RRC (HL)","RRC","(HL)","","2  16","Z 0 0 C","CB0E","1100101100001110","11001011 00 001 110","11001011","00","001","110"
"Extended","RRC A","RRC","A","","2  8","Z 0 0 C","CB0F","1100101100001111","11001011 00 001 111","11001011","00","001","111"
"Extended","RL B","RL","B","","2  8","Z 0 0 C","CB10","1100101100010000","11001011 00 010 000","11001011","00","010","000"
"Extended","RL C","RL","C","","2  8","Z 0 0 C","CB11","1100101100010001","11001011 00 010 001","11001011","00","010","001"
"Extended","RL D","RL","D","","2  8","Z 0 0 C","CB12","1100101100010010","11001011 00 010 010","11001011","00","010","010"
"Extended","RL E","RL","E","","2  8","Z 0 0 C","CB13","1100101100010011","11001011 00 010 011","11001011","00","010","011"
"Extended","RL H","RL","H","","2  8","Z 0 0 C","CB14","1100101100010100","11001011 00 010 100","11001011","00","010","100"
"Extended","RL L","RL","L","","2  8","Z 0 0 C","CB15","1100101100010101","11001011 00 010 101","11001011","00","010","101"
"Extended","RL (HL)","RL","(HL)","","2  16","Z 0 0 C","CB16","1100101100010110","11001011 00 010 110","11001011","00","010","110"
"Extended","RL A","RL","A","","2  8","Z 0 0 C","CB17","1100101100010111","11001011 00 010 111","11001011","00","010","111"
"Extended","RR B","RR","B","","2  8","Z 0 0 C","CB18","1100101100011000","11001011 00 011 000","11001011","00","011","000"
"Extended","RR C","RR","C","","2  8","Z 0 0 C","CB19","1100101100011001","11001011 00 011 001","11001011","00","011","001"
"Extended","RR D","RR","D","","2  8","Z 0 0 C","CB1A","1100101100011010","11001011 00 011 010","11001011","00","011","010"
"Extended","RR E","RR","E","","2  8","Z 0 0 C","CB1B","1100101100011011","11001011 00 011 011","11001011","00","011","011"
"Extended","RR H","RR","H","","2  8","Z 0 0 C","CB1C","1100101100011100","11001011 00 011 100","11001011","00","011","100"
"Extended","RR L","RR","L","","2  8","Z 0 0 C","CB1D","1100101100011101","11001011 00 011 101","11001011","00","011","101"
"Extended","RR (HL)","RR","(HL)","","2  16","Z 0 0 C","CB1E","1100101100011110","11001011 00 011 110","11001011","00","011","110"
"Extended","RR A","RR","A","","2  8","Z 0 0 C","CB1F","1100101100011111","11001011 00 011 111","11001011","00","011","111"
"Extended","SLA B","SLA","B","","2  8","Z 0 0 C","CB20","1100101100100000","11001011 00 100 000","11001011","00","100","000"
"Extended","SLA C","SLA","C","","2  8","Z 0 0 C","CB21","1100101100100001","11001011 00 100 001","11001011","00","100","001"
"Extended","SLA D","SLA","D","","2  8","Z 0 0 C","CB22","1100101100100010","11001011 00 100 010","11001011","00","100","010"
"Extended","SLA E","SLA","E","","2  8","Z 0 0 C","CB23","1100101100100011","11001011 00 100 011","11001011","00","100","011"
"Extended","SLA H","SLA","H","","2  8","Z 0 0 C","CB24","1100101100100100","11001011 00 100 100","11001011","00","100","100"
"Extended","SLA L","SLA","L","","2  8","Z 0 0 C","CB25","1100101100100101","11001011 00 100 101","11001011","00","100","101"
"Extended","SLA (HL)","SLA","(HL)","","2  16","Z 0 0 C","CB26","1100101100100110","11001011 00 100 110","11001011","00","100","110"
"Extended","SLA A","SLA","A","","2  8","Z 0 0 C","CB27","1100101100100111","11001011 00 100 111","11001011","00","100","111"
"Extended","SRA B","SRA","B","","2  8","Z 0 0 0","CB28","1100101100101000","11001011 00 101 000","11001011","00","101","000"
"Extended","SRA C","SRA","C","","2  8","Z 0 0 0","CB29","1100101100101001","11001011 00 101 001","11001011","00","101","001"
"Extended","SRA D","SRA","D","","2  8","Z 0 0 0","CB2A","1100101100101010","11001011 00 101 010","11001011","00","101","010"
"Extended","SRA E","SRA","E","","2  8","Z 0 0 0","CB2B","1100101100101011","11001011 00 101 011","11001011","00","101","011"
"Extended","SRA H","SRA","H","","2  8","Z 0 0 0","CB2C","1100101100101100","11001011 00 101 100","11001011","00","101","100"
"Extended","SRA L","SRA","L","","2  8","Z 0 0 0","CB2D","1100101100101101","11001011 00 101 101","11001011","00","101","101"
"Extended","SRA (HL)","SRA","(HL)","","2  16","Z 0 0 0","CB2E","1100101100101110","11001011 00 101 110","11001011","00","101","110"
"Extended","SRA A","SRA","A","","2  8","Z 0 0 0","CB2F","1100101100101111","11001011 00 101 111","11001011","00","101","111"
"Extended","SWAP B","SWAP","B","","2  8","Z 0 0 0","CB30","1100101100110000","11001011 00 110 000","11001011","00","110","000"
"Extended","SWAP C","SWAP","C","","2  8","Z 0 0 0","CB31","1100101100110001","11001011 00 110 001","11001011","00","110","001"
"Extended","SWAP D","SWAP","D","","2  8","Z 0 0 0","CB32","1100101100110010","11001011 00 110 010","11001011","00","110","010"
"Extended","SWAP E","SWAP","E","","2  8","Z 0 0 0","CB33","1100101100110011","11001011 00 110 011","11001011","00","110","011"
"Extended","SWAP H","SWAP","H","","2  8","Z 0 0 0","CB34","1100101100110100","11001011 00 110 100","11001011","00","110","100"
"Extended","SWAP L","SWAP","L","","2  8","Z 0 0 0","CB35","1100101100110101","11001011 00 110 101","11001011","00","110","101"
"Extended","SWAP (HL)","SWAP","(HL)","","2  16","Z 0 0 0","CB36","1100101100110110","11001011 00 110 110","11001011","00","110","110"
"Extended","SWAP A","SWAP","A","","2  8","Z 0 0 0","CB37","1100101100110111","11001011 00 110 111","11001011","00","110","111"
"Extended","SRL B","SRL","B","","2  8","Z 0 0 C","CB38","1100101100111000","11001011 00 111 000","11001011","00","111","000"
"Extended","SRL C","SRL","C","","2  8","Z 0 0 C","CB39","1100101100111001","11001011 00 111 001","11001011","00","111","001"
"Extended","SRL D","SRL","D","","2  8","Z 0 0 C","CB3A","1100101100111010","11001011 00 111 010","11001011","00","111","010"
"Extended","SRL E","SRL","E","","2  8","Z 0 0 C","CB3B","1100101100111011","11001011 00 111 011","11001011","00","111","011"
"Extended","SRL H","SRL","H","","2  8","Z 0 0 C","CB3C","1100101100111100","11001011 00 111 100","11001011","00","111","100"
"Extended","SRL L","SRL","L","","2  8","Z 0 0 C","CB3D","1100101100111101","11001011 00 111 101","11001011","00","111","101"
"Extended","SRL (HL)","SRL","(HL)","","2  16","Z 0 0 C","CB3E","1100101100111110","11001011 00 111 110","11001011","00","111","110"
"Extended","SRL A","SRL","A","","2  8","Z 0 0 C","CB3F","1100101100111111","11001011 00 111 111","11001011","00","111","111"
"Extended","BIT 0,B","BIT","0","B","2  8","Z 0 1 -","CB40","1100101101000000","11001011 01 000 000","11001011","01","000","000"
"Extended","BIT 0,C","BIT","0","C","2  8","Z 0 1 -","CB41","1100101101000001","11001011 01 000 001","11001011","01","000","001"
"Extended","BIT 0,D","BIT","0","D","2  8","Z 0 1 -","CB42","1100101101000010","11001011 01 000 010","11001011","01","000","010"
"Extended","BIT 0,E","BIT","0","E","2  8","Z 0 1 -","CB43","1100101101000011","11001011 01 000 011","11001011","01","000","011"
"Extended","BIT 0,H","BIT","0","H","2  8","Z 0 1 -","CB44","1100101101000100","11001011 01 000 100","11001011","01","000","100"
"Extended","BIT 0,L","BIT","0","L","2  8","Z 0 1 -","CB45","1100101101000101","11001011 01 000 101","11001011","01","000","101"
"Extended","BIT 0,(HL)","BIT","0","(HL)","2  16","Z 0 1 -","CB46","1100101101000110","11001011 01 000 110","11001011","01","000","110"
"Extended","BIT 0,A","BIT","0","A","2  8","Z 0 1 -","CB47","1100101101000111","11001011 01 000 111","11001011","01","000","111"
"Extended","BIT 1,B","BIT","1","B","2  8","Z 0 1 -","CB48","1100101101001000","11001011 01 001 000","11001011","01","001","000"
"Extended","BIT 1,C","BIT","1","C","2  8","Z 0 1 -","CB49","1100101101001001","11001011 01 001 001","11001011","01","001","001"
"Extended","BIT 1,D","BIT","1","D","2  8","Z 0 1 -","CB4A","1100101101001010","11001011 01 001 010","11001011","01","001","010"
"Extended","BIT 1,E","BIT","1","E","2  8","Z 0 1 -","CB4B","1100101101001011","11001011 01 001 011","11001011","01","001","011"
"Extended","BIT 1,H","BIT","1","H","2  8","Z 0 1 -","CB4C","1100101101001100","11001011 01 001 100","11001011","01","001","100"
"Extended","BIT 1,L","BIT","1","L","2  8","Z 0 1 -","CB4D","1100101101001101","11001011 01 001 101","11001011","01","001","101"
"Extended","BIT 1,(HL)","BIT","1","(HL)","2  16","Z 0 1 -","CB4E","1100101101001110","11001011 01 001 110","11001011","01","001","110"
"Extended","BIT 1,A","BIT","1","A","2  8","Z 0 1 -","CB4F","1100101101001111","11001011 01 001 111","11001011","01","001","111"
"Extended","BIT 2,B","BIT","2","B","2  8","Z 0 1 -","CB50","1100101101010000","11001011 01 010 000","11001011","01","010","000"
"Extended","BIT 2,C","BIT","2","C","2  8","Z 0 1 -","CB51","1100101101010001","11001011 01 010 001","11001011","01","010","001"
"Extended","BIT 2,D","BIT","2","D","2  8","Z 0 1 -","CB52","1100101101010010","11001011 01 010 010","11001011","01","010","010"
"Extended","BIT 2,E","BIT","2","E","2  8","Z 0 1 -","CB53","1100101101010011","11001011 01 010 011","11001011","01","010","011"
"Extended","BIT 2,H","BIT","2","H","2  8","Z 0 1 -","CB54","1100101101010100","11001011 01 010 100","11001011","01","010","100"
"Extended","BIT 2,L","BIT","2","L","2  8","Z 0 1 -","CB55","1100101101010101","11001011 01 010 101","11001011","01","010","101"
"Extended","BIT 2,(HL)","BIT","2","(HL)","2  16","Z 0 1 -","CB56","1100101101010110","11001011 01 010 110","11001011","01","010","110"
"Extended","BIT 2,A","BIT","2","A","2  8","Z 0 1 -","CB57","1100101101010111","11001011 01 010 111","11001011","01","010","111"
"Extended","BIT 3,B","BIT","3","B","2  8","Z 0 1 -","CB58","1100101101011000","11001011 01 011 000","11001011","01","011","000"
"Extended","BIT 3,C","BIT","3","C","2  8","Z 0 1 -","CB59","1100101101011001","11001011 01 011 001","11001011","01","011","001"
"Extended","BIT 3,D","BIT","3","D","2  8","Z 0 1 -","CB5A","1100101101011010","11001011 01 011 010","11001011","01","011","010"
"Extended","BIT 3,E","BIT","3","E","2  8","Z 0 1 -","CB5B","1100101101011011","11001011 01 011 011","11001011","01","011","011"
"Extended","BIT 3,H","BIT","3","H","2  8","Z 0 1 -","CB5C","1100101101011100","11001011 01 011 100","11001011","01","011","100"
"Extended","BIT 3,L","BIT","3","L","2  8","Z 0 1 -","CB5D","1100101101011101","11001011 01 011 101","11001011","01","011","101"
"Extended","BIT 3,(HL)","BIT","3","(HL)","2  16","Z 0 1 -","CB5E","1100101101011110","11001011 01 011 110","11001011","01","011","110"
"Extended","BIT 3,A","BIT","3","A","2  8","Z 0 1 -","CB5F","1100101101011111","11001011 01 011 111","11001011","01","011","111"
"Extended","BIT 4,B","BIT","4","B","2  8","Z 0 1 -","CB60","1100101101100000","11001011 01 100 000","11001011","01","100","000"
"Extended","BIT 4,C","BIT","4","C","2  8","Z 0 1 -","CB61","1100101101100001","11001011 01 100 001","11001011","01","100","001"
"Extended","BIT 4,D","BIT","4","D","2  8","Z 0 1 -","CB62","1100101101100010","11001011 01 100 010","11001011","01","100","010"
"Extended","BIT 4,E","BIT","4","E","2  8","Z 0 1 -","CB63","1100101101100011","11001011 01 100 011","11001011","01","100","011"
"Extended","BIT 4,H","BIT","4","H","2  8","Z 0 1 -","CB64","1100101101100100","11001011 01 100 100","11001011","01","100","100"
"Extended","BIT 4,L","BIT","4","L","2  8","Z 0 1 -","CB65","1100101101100101","11001011 01 100 101","11001011","01","100","101"
"Extended","BIT 4,(HL)","BIT","4","(HL)","2  16","Z 0 1 -","CB66","1100101101100110","11001011 01 100 110","11001011","01","100","110"
"Extended","BIT 4,A","BIT","4","A","2  8","Z 0 1 -","CB67","1100101101100111","11001011 01 100 111","11001011","01","100","111"
"Extended","BIT 5,B","BIT","5","B","2  8","Z 0 1 -","CB68","1100101101101000","11001011 01 101 000","11001011","01","101","000"
"Extended","BIT 5,C","BIT","5","C","2  8","Z 0 1 -","CB69","1100101101101001","11001011 01 101 001","11001011","01","101","001"
"Extended","BIT 5,D","BIT","5","D","2  8","Z 0 1 -","CB6A","1100101101101010","11001011 01 101 010","11001011","01","101","010"
"Extended","BIT 5,E","BIT","5","E","2  8","Z 0 1 -","CB6B","1100101101101011","11001011 01 101 011","11001011","01","101","011"
"Extended","BIT 5,H","BIT","5","H","2  8","Z 0 1 -","CB6C","1100101101101100","11001011 01 101 100","11001011","01","101","100"
"Extended","BIT 5,L","BIT","5","L","2  8","Z 0 1 -","CB6D","1100101101101101","11001011 01 101 101","11001011","01","101","101"
"Extended","BIT 5,(HL)","BIT","5","(HL)","2  16","Z 0 1 -","CB6E","1100101101101110","11001011 01 101 110","11001011","01","101","110"
"Extended","BIT 5,A","BIT","5","A","2  8","Z 0 1 -","CB6F","1100101101101111","11001011 01 101 111","11001011","01","101","111"
"Extended","BIT 6,B","BIT","6","B","2  8","Z 0 1 -","CB70","1100101101110000","11001011 01 110 000","11001011","01","110","000"
"Extended","BIT 6,C","BIT","6","C","2  8","Z 0 1 -","CB71","1100101101110001","11001011 01 110 001","11001011","01","110","001"
"Extended","BIT 6,D","BIT","6","D","2  8","Z 0 1 -","CB72","1100101101110010","11001011 01 110 010","11001011","01","110","010"
"Extended","BIT 6,E","BIT","6","E","2  8","Z 0 1 -","CB73","1100101101110011","11001011 01 110 011","11001011","01","110","011"
"Extended","BIT 6,H","BIT","6","H","2  8","Z 0 1 -","CB74","1100101101110100","11001011 01 110 100","11001011","01","110","100"
"Extended","BIT 6,L","BIT","6","L","2  8","Z 0 1 -","CB75","1100101101110101","11001011 01 110 101","11001011","01","110","101"
"Extended","BIT 6,(HL)","BIT","6","(HL)","2  16","Z 0 1 -","CB76","1100101101110110","11001011 01 110 110","11001011","01","110","110"
"Extended","BIT 6,A","BIT","6","A","2  8","Z 0 1 -","CB77","1100101101110111","11001011 01 110 111","11001011","01","110","111"
"Extended","BIT 7,B","BIT","7","B","2  8","Z 0 1 -","CB78","1100101101111000","11001011 01 111 000","11001011","01","111","000"
"Extended","BIT 7,C","BIT","7","C","2  8","Z 0 1 -","CB79","1100101101111001","11001011 01 111 001","11001011","01","111","001"
"Extended","BIT 7,D","BIT","7","D","2  8","Z 0 1 -","CB7A","1100101101111010","11001011 01 111 010","11001011","01","111","010"
"Extended","BIT 7,E","BIT","7","E","2  8","Z 0 1 -","CB7B","1100101101111011","11001011 01 111 011","11001011","01","111","011"
"Extended","BIT 7,H","BIT","7","H","2  8","Z 0 1 -","CB7C","1100101101111100","11001011 01 111 100","11001011","01","111","100"
"Extended","BIT 7,L","BIT","7","L","2  8","Z 0 1 -","CB7D","1100101101111101","11001011 01 111 101","11001011","01","111","101"
"Extended","BIT 7,(HL)","BIT","7","(HL)","2  16","Z 0 1 -","CB7E","1100101101111110","11001011 01 111 110","11001011","01","111","110"
"Extended","BIT 7,A","BIT","7","A","2  8","Z 0 1 -","CB7F","1100101101111111","11001011 01 111 111","11001011","01","111","111"
"Extended","RES 0,B","RES","0","B","2  8","- - - -","CB80","1100101110000000","11001011 10 000 000","11001011","10","000","000"
"Extended","RES 0,C","RES","0","C","2  8","- - - -","CB81","1100101110000001","11001011 10 000 001","11001011","10","000","001"
"Extended","RES 0,D","RES","0","D","2  8","- - - -","CB82","1100101110000010","11001011 10 000 010","11001011","10","000","010"
"Extended","RES 0,E","RES","0","E","2  8","- - - -","CB83","1100101110000011","11001011 10 000 011","11001011","10","000","011"
"Extended","RES 0,H","RES","0","H","2  8","- - - -","CB84","1100101110000100","11001011 10 000 100","11001011","10","000","100"
"Extended","RES 0,L","RES","0","L","2  8","- - - -","CB85","1100101110000101","11001011 10 000 101","11001011","10","000","101"
"Extended","RES 0,(HL)","RES","0","(HL)","2  16","- - - -","CB86","1100101110000110","11001011 10 000 110","11001011","10","000","110"
"Extended","RES 0,A","RES","0","A","2  8","- - - -","CB87","1100101110000111","11001011 10 000 111","11001011","10","000","111"
"Extended","RES 1,B","RES","1","B","2  8","- - - -","CB88","1100101110001000","11001011 10 001 000","11001011","10","001","000"
"Extended","RES 1,C","RES","1","C","2  8","- - - -","CB89","1100101110001001","11001011 10 001 001","11001011","10","001","001"
"Extended","RES 1,D","RES","1","D","2  8","- - - -","CB8A","1100101110001010","11001011 10 001 010","11001011","10","001","010"
"Extended","RES 1,E","RES","1","E","2  8","- - - -","CB8B","1100101110001011","11001011 10 001 011","11001011","10","001","011"
"Extended","RES 1,H","RES","1","H","2  8","- - - -","CB8C","1100101110001100","11001011 10 001 100","11001011","10","001","100"
"Extended","RES 1,L","RES","1","L","2  8","- - - -","CB8D","1100101110001101","11001011 10 001 101","11001011","10","001","101"
"Extended","RES 1,(HL)","RES","1","(HL)","2  16","- - - -","CB8E","1100101110001110","11001011 10 001 110","11001011","10","001","110"
"Extended","RES 1,A","RES","1","A","2  8","- - - -","CB8F","1100101110001111","11001011 10 001 111","11001011","10","001","111"
"Extended","RES 2,B","RES","2","B","2  8","- - - -","CB90","1100101110010000","11001011 10 010 000","11001011","10","010","000"
"Extended","RES 2,C","RES","2","C","2  8","- - - -","CB91","1100101110010001","11001011 10 010 001","11001011","10","010","001"
"Extended","RES 2,D","RES","2","D","2  8","- - - -","CB92","1100101110010010","11001011 10 010 010","11001011","10","010","010"
"Extended","RES 2,E","RES","2","E","2  8","- - - -","CB93","1100101110010011","11001011 10 010 011","11001011","10","010","011"
"Extended","RES 2,H","RES","2","H","2  8","- - - -","CB94","1100101110010100","11001011 10 010 100","11001011","10","010","100"
"Extended","RES 2,L","RES","2","L","2  8","- - - -","CB95","1100101110010101","11001011 10 010 101","11001011","10","010","101"
"Extended","RES 2,(HL)","RES","2","(HL)","2  16","- - - -","CB96","1100101110010110","11001011 10 010 110","11001011","10","010","110"
"Extended","RES 2,A","RES","2","A","2  8","- - - -","CB97","1100101110010111","11001011 10 010 111","11001011","10","010","111"
"Extended","RES 3,B","RES","3","B","2  8","- - - -","CB98","1100101110011000","11001011 10 011 000","11001011","10","011","000"
"Extended","RES 3,C","RES","3","C","2  8","- - - -","CB99","1100101110011001","11001011 10 011 001","11001011","10","011","001"
"Extended","RES 3,D","RES","3","D","2  8","- - - -","CB9A","1100101110011010","11001011 10 011 010","11001011","10","011","010"
"Extended","RES 3,E","RES","3","E","2  8","- - - -","CB9B","1100101110011011","11001011 10 011 011","11001011","10","011","011"
"Extended","RES 3,H","RES","3","H","2  8","- - - -","CB9C","1100101110011100","11001011 10 011 100","11001011","10","011","100"
"Extended","RES 3,L","RES","3","L","2  8","- - - -","CB9D","1100101110011101","11001011 10 011 101","11001011","10","011","101"
"Extended","RES 3,(HL)","RES","3","(HL)","2  16","- - - -","CB9E","1100101110011110","11001011 10 011 110","11001011","10","011","110"
"Extended","RES 3,A","RES","3","A","2  8","- - - -","CB9F","1100101110011111","11001011 10 011 111","11001011","10","011","111"
"Extended","RES 4,B","RES","4","B","2  8","- - - -","CBA0","1100101110100000","11001011 10 100 000","11001011","10","100","000"
"Extended","RES 4,C","RES","4","C","2  8","- - - -","CBA1","1100101110100001","11001011 10 100 001","11001011","10","100","001"
"Extended","RES 4,D","RES","4","D","2  8","- - - -","CBA2","1100101110100010","11001011 10 100 010","11001011","10","100","010"
"Extended","RES 4,E","RES","4","E","2  8","- - - -","CBA3","1100101110100011","11001011 10 100 011","11001011","10","100","011"
"Extended","RES 4,H","RES","4","H","2  8","- - - -","CBA4","1100101110100100","11001011 10 100 100","11001011","10","100","100"
"Extended","RES 4,L","RES","4","L","2  8","- - - -","CBA5","1100101110100101","11001011 10 100 101","11001011","10","100","101"
"Extended","RES 4,(HL)","RES","4","(HL)","2  16","- - - -","CBA6","1100101110100110","11001011 10 100 110","11001011","10","100","110"
"Extended","RES 4,A","RES","4","A","2  8","- - - -","CBA7","1100101110100111","11001011 10 100 111","11001011","10","100","111"
"Extended","RES 5,B","RES","5","B","2  8","- - - -","CBA8","1100101110101000","11001011 10 101 000","11001011","10","101","000"
"Extended","RES 5,C","RES","5","C","2  8","- - - -","CBA9","1100101110101001","11001011 10 101 001","11001011","10","101","001"
"Extended","RES 5,D","RES","5","D","2  8","- - - -","CBAA","1100101110101010","11001011 10 101 010","11001011","10","101","010"
"Extended","RES 5,E","RES","5","E","2  8","- - - -","CBAB","1100101110101011","11001011 10 101 011","11001011","10","101","011"
"Extended","RES 5,H","RES","5","H","2  8","- - - -","CBAC","1100101110101100","11001011 10 101 100","11001011","10","101","100"
"Extended","RES 5,L","RES","5","L","2  8","- - - -","CBAD","1100101110101101","11001011 10 101 101","11001011","10","101","101"
"Extended","RES 5,(HL)","RES","5","(HL)","2  16","- - - -","CBAE","1100101110101110","11001011 10 101 110","11001011","10","101","110"
"Extended","RES 5,A","RES","5","A","2  8","- - - -","CBAF","1100101110101111","11001011 10 101 111","11001011","10","101","111"
"Extended","RES 6,B","RES","6","B","2  8","- - - -","CBB0","1100101110110000","11001011 10 110 000","11001011","10","110","000"
"Extended","RES 6,C","RES","6","C","2  8","- - - -","CBB1","1100101110110001","11001011 10 110 001","11001011","10","110","001"
"Extended","RES 6,D","RES","6","D","2  8","- - - -","CBB2","1100101110110010","11001011 10 110 010","11001011","10","110","010"
"Extended","RES 6,E","RES","6","E","2  8","- - - -","CBB3","1100101110110011","11001011 10 110 011","11001011","10","110","011"
"Extended","RES 6,H","RES","6","H","2  8","- - - -","CBB4","1100101110110100","11001011 10 110 100","11001011","10","110","100"
"Extended","RES 6,L","RES","6","L","2  8","- - - -","CBB5","1100101110110101","11001011 10 110 101","11001011","10","110","101"
"Extended","RES 6,(HL)","RES","6","(HL)","2  16","- - - -","CBB6","1100101110110110","11001011 10 110 110","11001011","10","110","110"
"Extended","RES 6,A","RES","6","A","2  8","- - - -","CBB7","1100101110110111","11001011 10 110 111","11001011","10","110","111"
"Extended","RES 7,B","RES","7","B","2  8","- - - -","CBB8","1100101110111000","11001011 10 111 000","11001011","10","111","000"
"Extended","RES 7,C","RES","7","C","2  8","- - - -","CBB9","1100101110111001","11001011 10 111 001","11001011","10","111","001"
"Extended","RES 7,D","RES","7","D","2  8","- - - -","CBBA","1100101110111010","11001011 10 111 010","11001011","10","111","010"
"Extended","RES 7,E","RES","7","E","2  8","- - - -","CBBB","1100101110111011","11001011 10 111 011","11001011","10","111","011"
"Extended","RES 7,H","RES","7","H","2  8","- - - -","CBBC","1100101110111100","11001011 10 111 100","11001011","10","111","100"
"Extended","RES 7,L","RES","7","L","2  8","- - - -","CBBD","1100101110111101","11001011 10 111 101","11001011","10","111","101"
"Extended","RES 7,(HL)","RES","7","(HL)","2  16","- - - -","CBBE","1100101110111110","11001011 10 111 110","11001011","10","111","110"
"Extended","RES 7,A","RES","7","A","2  8","- - - -","CBBF","1100101110111111","11001011 10 111 111","11001011","10","111","111"
"Extended","SET 0,B","SET","0","B","2  8","- - - -","CBC0","1100101111000000","11001011 11 000 000","11001011","11","000","000"
"Extended","SET 0,C","SET","0","C","2  8","- - - -","CBC1","1100101111000001","11001011 11 000 001","11001011","11","000","001"
"Extended","SET 0,D","SET","0","D","2  8","- - - -","CBC2","1100101111000010","11001011 11 000 010","11001011","11","000","010"
"Extended","SET 0,E","SET","0","E","2  8","- - - -","CBC3","1100101111000011","11001011 11 000 011","11001011","11","000","011"
"Extended","SET 0,H","SET","0","H","2  8","- - - -","CBC4","1100101111000100","11001011 11 000 100","11001011","11","000","100"
"Extended","SET 0,L","SET","0","L","2  8","- - - -","CBC5","1100101111000101","11001011 11 000 101","11001011","11","000","101"
"Extended","SET 0,(HL)","SET","0","(HL)","2  16","- - - -","CBC6","1100101111000110","11001011 11 000 110","11001011","11","000","110"
"Extended","SET 0,A","SET","0","A","2  8","- - - -","CBC7","1100101111000111","11001011 11 000 111","11001011","11","000","111"
"Extended","SET 1,B","SET","1","B","2  8","- - - -","CBC8","1100101111001000","11001011 11 001 000","11001011","11","001","000"
"Extended","SET 1,C","SET","1","C","2  8","- - - -","CBC9","1100101111001001","11001011 11 001 001","11001011","11","001","001"
"Extended","SET 1,D","SET","1","D","2  8","- - - -","CBCA","1100101111001010","11001011 11 001 010","11001011","11","001","010"
"Extended","SET 1,E","SET","1","E","2  8","- - - -","CBCB","1100101111001011","11001011 11 001 011","11001011","11","001","011"
"Extended","SET 1,H","SET","1","H","2  8","- - - -","CBCC","1100101111001100","11001011 11 001 100","11001011","11","001","100"
"Extended","SET 1,L","SET","1","L","2  8","- - - -","CBCD","1100101111001101","11001011 11 001 101","11001011","11","001","101"
"Extended","SET 1,(HL)","SET","1","(HL)","2  16","- - - -","CBCE","1100101111001110","11001011 11 001 110","11001011","11","001","110"
"Extended","SET 1,A","SET","1","A","2  8","- - - -","CBCF","1100101111001111","11001011 11 001 111","11001011","11","001","111"
"Extended","SET 2,B","SET","2","B","2  8","- - - -","CBD0","1100101111010000","11001011 11 010 000","11001011","11","010","000"
"Extended","SET 2,C","SET","2","C","2  8","- - - -","CBD1","1100101111010001","11001011 11 010 001","11001011","11","010","001"
"Extended","SET 2,D","SET","2","D","2  8","- - - -","CBD2","1100101111010010","11001011 11 010 010","11001011","11","010","010"
"Extended","SET 2,E","SET","2","E","2  8","- - - -","CBD3","1100101111010011","11001011 11 010 011","11001011","11","010","011"
"Extended","SET 2,H","SET","2","H","2  8","- - - -","CBD4","1100101111010100","11001011 11 010 100","11001011","11","010","100"
"Extended","SET 2,L","SET","2","L","2  8","- - - -","CBD5","1100101111010101","11001011 11 010 101","11001011","11","010","101"
"Extended","SET 2,(HL)","SET","2","(HL)","2  16","- - - -","CBD6","1100101111010110","11001011 11 010 110","11001011","11","010","110"
"Extended","SET 2,A","SET","2","A","2  8","- - - -","CBD7","1100101111010111","11001011 11 010 111","11001011","11","010","111"
"Extended","SET 3,B","SET","3","B","2  8","- - - -","CBD8","1100101111011000","11001011 11 011 000","11001011","11","011","000"
"Extended","SET 3,C","SET","3","C","2  8","- - - -","CBD9","1100101111011001","11001011 11 011 001","11001011","11","011","001"
"Extended","SET 3,D","SET","3","D","2  8","- - - -","CBDA","1100101111011010","11001011 11 011 010","11001011","11","011","010"
"Extended","SET 3,E","SET","3","E","2  8","- - - -","CBDB","1100101111011011","11001011 11 011 011","11001011","11","011","011"
"Extended","SET 3,H","SET","3","H","2  8","- - - -","CBDC","1100101111011100","11001011 11 011 100","11001011","11","011","100"
"Extended","SET 3,L","SET","3","L","2  8","- - - -","CBDD","1100101111011101","11001011 11 011 101","11001011","11","011","101"
"Extended","SET 3,(HL)","SET","3","(HL)","2  16","- - - -","CBDE","1100101111011110","11001011 11 011 110","11001011","11","011","110"
"Extended","SET 3,A","SET","3","A","2  8","- - - -","CBDF","1100101111011111","11001011 11 011 111","11001011","11","011","111"
"Extended","SET 4,B","SET","4","B","2  8","- - - -","CBE0","1100101111100000","11001011 11 100 000","11001011","11","100","000"
"Extended","SET 4,C","SET","4","C","2  8","- - - -","CBE1","1100101111100001","11001011 11 100 001","11001011","11","100","001"
"Extended","SET 4,D","SET","4","D","2  8","- - - -","CBE2","1100101111100010","11001011 11 100 010","11001011","11","100","010"
"Extended","SET 4,E","SET","4","E","2  8","- - - -","CBE3","1100101111100011","11001011 11 100 011","11001011","11","100","011"
"Extended","SET 4,H","SET","4","H","2  8","- - - -","CBE4","1100101111100100","11001011 11 100 100","11001011","11","100","100"
"Extended","SET 4,L","SET","4","L","2  8","- - - -","CBE5","1100101111100101","11001011 11 100 101","11001011","11","100","101"
"Extended","SET 4,(HL)","SET","4","(HL)","2  16","- - - -","CBE6","1100101111100110","11001011 11 100 110","11001011","11","100","110"
"Extended","SET 4,A","SET","4","A","2  8","- - - -","CBE7","1100101111100111","11001011 11 100 111","11001011","11","100","111"
"Extended","SET 5,B","SET","5","B","2  8","- - - -","CBE8","1100101111101000","11001011 11 101 000","11001011","11","101","000"
"Extended","SET 5,C","SET","5","C","2  8","- - - -","CBE9","1100101111101001","11001011 11 101 001","11001011","11","101","001"
"Extended","SET 5,D","SET","5","D","2  8","- - - -","CBEA","1100101111101010","11001011 11 101 010","11001011","11","101","010"
"Extended","SET 5,E","SET","5","E","2  8","- - - -","CBEB","1100101111101011","11001011 11 101 011","11001011","11","101","011"
"Extended","SET 5,H","SET","5","H","2  8","- - - -","CBEC","1100101111101100","11001011 11 101 100","11001011","11","101","100"
"Extended","SET 5,L","SET","5","L","2  8","- - - -","CBED","1100101111101101","11001011 11 101 101","11001011","11","101","101"
"Extended","SET 5,(HL)","SET","5","(HL)","2  16","- - - -","CBEE","1100101111101110","11001011 11 101 110","11001011","11","101","110"
"Extended","SET 5,A","SET","5","A","2  8","- - - -","CBEF","1100101111101111","11001011 11 101 111","11001011","11","101","111"
"Extended","SET 6,B","SET","6","B","2  8","- - - -","CBF0","1100101111110000","11001011 11 110 000","11001011","11","110","000"
"Extended","SET 6,C","SET","6","C","2  8","- - - -","CBF1","1100101111110001","11001011 11 110 001","11001011","11","110","001"
"Extended","SET 6,D","SET","6","D","2  8","- - - -","CBF2","1100101111110010","11001011 11 110 010","11001011","11","110","010"
"Extended","SET 6,E","SET","6","E","2  8","- - - -","CBF3","1100101111110011","11001011 11 110 011","11001011","11","110","011"
"Extended","SET 6,H","SET","6","H","2  8","- - - -","CBF4","1100101111110100","11001011 11 110 100","11001011","11","110","100"
"Extended","SET 6,L","SET","6","L","2  8","- - - -","CBF5","1100101111110101","11001011 11 110 101","11001011","11","110","101"
"Extended","SET 6,(HL)","SET","6","(HL)","2  16","- - - -","CBF6","1100101111110110","11001011 11 110 110","11001011","11","110","110"
"Extended","SET 6,A","SET","6","A","2  8","- - - -","CBF7","1100101111110111","11001011 11 110 111","11001011","11","110","111"
"Extended","SET 7,B","SET","7","B","2  8","- - - -","CBF8","1100101111111000","11001011 11 111 000","11001011","11","111","000"
"Extended","SET 7,C","SET","7","C","2  8","- - - -","CBF9","1100101111111001","11001011 11 111 001","11001011","11","111","001"
"Extended","SET 7,D","SET","7","D","2  8","- - - -","CBFA","1100101111111010","11001011 11 111 010","11001011","11","111","010"
"Extended","SET 7,E","SET","7","E","2  8","- - - -","CBFB","1100101111111011","11001011 11 111 011","11001011","11","111","011"
"Extended","SET 7,H","SET","7","H","2  8","- - - -","CBFC","1100101111111100","11001011 11 111 100","11001011","11","111","100"
"Extended","SET 7,L","SET","7","L","2  8","- - - -","CBFD","1100101111111101","11001011 11 111 101","11001011","11","111","101"
"Extended","SET 7,(HL)","SET","7","(HL)","2  16","- - - -","CBFE","1100101111111110","11001011 11 111 110","11001011","11","111","110"
"Extended","SET 7,A","SET","7","A","2  8","- - - -","CBFF","1100101111111111","11001011 11 111 111","11001011","11","111","111"
